{
	"CorrelationId_T": "12345",
	"msgName": "CustomerPrivacy",
	"Source": "CRM",
	"Timestamp": "2018-02-02T08:49:36.265Z",
	"partyID": "123",
	"CustomerCommunicationPreferences": [{
			"name": "CommsPhoneOptOut",
			"Value": "false"
		},
		{
			"name": "CommsEmailOptOut",
			"Value": "false"
		},
		{
			"name": "CommsPostOptOut",
			"Value": "false"
		}
	],
	"MarketingPreferences": [{
			"name": "MarketingPhoneOptOut",
			"Value": "false"
		},
		{
			"name": "MarketingEmailOptOut",
			"Value": "false"
		},
		{
			"name": "MarketingPostOptOut",
			"Value": "false"
		}],
	"ThirdPartyMarketingPreferences": [
		{
			"name": "ThirdPartyMarketingOptOut",
			"Value": "false"
		}
	],
	"eMailAddresses": [{
			"eMailAddress": "saurbhda@techmahindra.com"
		},
		{
			"eMailAddress": "abc@techmahindra.com"
		}
	],
	"telephoneNumbers": [{
			"telephoneNumber": "1112222"
		},
		{
			"telephoneNumber": "1112223"
		}],
	"CustomerPermissions": [
		{
			"name": "PermissionsName-1",
			"Value": "false"
		},
		{
			"name": "PermissionsName-2",
			"Value": "false"
		},
		{
			"name": "PermissionsName-3",
			"Value": "false"
		}
	]
}