PAC_DETAILS_PAC,PAC_DETAILS_MSISDN_QUANTITY,PAC_DETAILS_PORT_REQUEST_DATE,PAC_DETAILS_PORT_EXPIRYDATE,ENTRY_STATUS,PM_FLAG
XES824850,1,2018-05-30,2018-06-28,CONFIRMED,N
asd824851,2,2018-06-15,2018-07-12,COMPLETED,N
ggf824852,3,2018-07-01,2018-07-26,CONFIRMED,N
leb824853,1,2018-07-17,2018-08-09,COMPLETED,N
one824854,2,2018-08-02,2018-08-23,CONFIRMED,N
org824855,3,2018-08-18,2018-09-06,COMPLETED,N
sky824856,1,2018-09-03,2018-09-20,CONFIRMED,N
vcn824857,2,2018-09-19,2018-10-04,COMPLETED,N
tlk824858,3,2018-10-05,2018-10-18,CONFIRMED,N
voe824859,1,2018-10-21,2018-11-01,COMPLETED,N
tsc824860,2,2018-11-06,2018-11-15,CONFIRMED,N
vpt824861,3,2018-11-22,2018-11-29,COMPLETED,N
vtm824862,1,2018-12-08,2018-12-13,CONFIRMED,N
Tel824863,2,2018-12-24,2018-12-27,COMPLETED,N
Vrg824864,3,2019-01-09,2019-01-10,CONFIRMED,N
Voc824865,1,2019-01-25,2019-01-24,COMPLETED,N
Tlx824866,2,2019-02-10,2019-02-07,CONFIRMED,N
XES824867,3,2019-02-26,2019-02-21,COMPLETED,N
asd824868,1,2019-03-14,2019-03-07,CONFIRMED,N
ggf824869,2,2019-03-30,2019-03-21,COMPLETED,N
leb824870,3,2019-04-15,2019-04-04,CONFIRMED,Y
