Postcode Format 1 (Standard - 8 bytes),Equivalent Experian 2016 Postcode,Flag: Experian 2016 List Postcode,(PC) Mosaic UK 6 Group,(PC) Mosaic UK 6 Type
AB22 2ON,AB22 2ON,C,99,99
AB23 7GR,AB23 7GR,C,99,99
AB30 5BU,AB30 5BU,C,99,99
AB31 1GT,AB31 1GT,C,99,99
AB32 1JV,AB32 1JV,C,99,99
AB33 6WC,AB33 6WC,C,99,99
AB34 1NU,AB34 1NUV,N,99,99
AB35 5ND,AB35 5NDD,N,99,99
AB36 4RJ,AB36 4RJ,C,99,99
AB37 1UX,AB37 1UXE,N,99,99
AB38 3VZ,AB38 3VZ,C,99,99
AB41 0XI,AB41 0XI,C,99,99
AB42 3UG,AB42 3UGM,N,99,99
AB43 3XE,AB43 3XEG,N,99,99
AB44 8SL,AB44 8SL,C,99,99
AB45 1RS,AB45 1RSI,N,99,99
AB51 7JD,AB51 7JD,C,99,99
AB52 1GF,AB52 1GF,C,99,99
AB53 1BI,AB53 1BI,C,99,99
AB54 6WQ,AB54 6WQ,C,99,99
AB55 9ZU,AB55 9ZU,C,99,99
AB56 4TP,AB56 4TP,C,99,99
AL1 0ID,AL1 0IDL,N,99,99
AL10 6PS,AL10 6PSX,N,99,99
AL2 3ZK,AL2 3ZK,C,99,99
AL3 9EC,AL3 9ECH,N,99,99
AL4 0GY,AL4 0GY,C,99,99
AL5 3KM,AL5 3KML,N,99,99
AL6 0VH,AL6 0VHN,N,99,99
AL7 6WS,AL7 6WS,C,99,99
AL8 0GN,AL8 0GN,C,99,99
AL9 7ID,AL9 7ID,C,99,99
B1 8FA,B1 8FA,C,99,99
B13 7EH,B13 7EH,C,99,99
B14 7TL,B14 7TLL,N,99,99
B15 2KT,B15 2KT,C,99,99
B17 1PK,B17 1PK,C,99,99
B2 4TM,B2 4TM,C,99,99
B21 4BG,B21 4BGD,N,99,99
B23 2KC,B23 2KC,C,99,99
B24 1UG,B24 1UG,C,99,99
B25 8CX,B25 8CXC,N,99,99
B26 9AQ,B26 9AQ,C,99,99
B27 7XY,B27 7XY,C,99,99
B28 0FY,B28 0FY,C,99,99
B29 5EZ,B29 5EZ,C,99,99
B3 7YO,B3 7YO,C,99,99
B30 1YY,B30 1YY,C,99,99
B31 6DX,B31 6DX,C,99,99
B32 0MK,B32 0MK,C,99,99
B33 1SJ,B33 1SJ,C,99,99
B36 0AU,B36 0AU,C,99,99
B37 8FK,B37 8FK,C,99,99
B38 0ZQ,B38 0ZQ,C,99,99
B4 5CG,B4 5CGH,N,99,99
B42 2WT,B42 2WT,C,99,99
B43 5NN,B43 5NN,C,99,99
B44 3SI,B44 3SI,C,99,99
B45 8VD,B45 8VD,C,99,99
B46 0NN,B46 0NN,C,99,99
B47 0HD,B47 0HD,C,99,99
B48 6MB,B48 6MB,C,99,99
B49 8ZX,B49 8ZX,C,99,99
B5 8YK,B5 8YK,C,99,99
B50 0TV,B50 0TVE,N,99,99
B6 5RL,B6 5RLJ,N,99,99
B60 1HF,B60 1HF,C,99,99
B61 9FN,B61 9FN,C,99,99
B62 3UV,B62 3UV,C,99,99
B63 6HU,B63 6HUV,N,99,99
B64 4YX,B64 4YX,C,15,62
B65 6VF,B65 6VF,C,15,62
B66 2IA,B66 2IA,C,15,62
B68 1SB,B68 1SBE,N,15,62
B69 4PJ,B69 4PJ,C,15,62
B70 8KZ,B70 8KZ,C,15,62
B71 2NP,B71 2NP,C,15,62
B72 4TJ,B72 4TJ,C,15,62
B74 1XC,B74 1XCD,N,15,62
B75 3CE,B75 3CEV,N,15,62
B76 1EQ,B76 1EQE,N,15,62
B77 2BQ,B77 2BQU,N,15,62
B78 7GP,B78 7GP,C,15,62
B79 6KG,B79 6KGL,N,15,62
B8 8UB,B8 8UB,C,15,62
B80 7HA,B80 7HA,C,15,62
B90 5FK,B90 5FK,C,15,62
B91 0KX,B91 0KX,C,15,62
B92 3AO,B92 3AO,C,15,62
B93 7TD,B93 7TD,C,15,62
B94 3VG,B94 3VGQ,N,15,62
B95 0EM,B95 0EMX,N,15,62
B96 2AC,B96 2ACW,N,15,62
B97 1JT,B97 1JT,C,15,62
B98 6MX,B98 6MXA,N,15,62
BA1 8OJ,BA1 8OJZ,N,15,62
BA10 0WS,BA10 0WSV,N,15,62
BA11 4SK,BA11 4SKS,N,15,62
BA12 6WZ,BA12 6WZI,N,15,62
BA13 4JJ,BA13 4JJ,C,15,62
BA14 1WU,BA14 1WUD,N,99,99
BA15 3UB,BA15 3UBV,N,99,99
BA16 0LH,BA16 0LH,C,99,99
BA2 0DF,BA2 0DF,C,99,99
BA20 3DI,BA20 3DI,C,99,99
BA21 7AM,BA21 7AMN,N,99,99
BA22 0XR,BA22 0XRE,N,99,99
BA3 6SJ,BA3 6SJ,C,99,99
BA4 6EE,BA4 6EE,C,99,99
BA5 7EC,BA5 7EC,C,99,99
BA6 8PB,BA6 8PB,C,99,99
BA7 5GL,BA7 5GL,C,99,99
BA8 3LW,BA8 3LW,C,99,99
BA9 9JD,BA9 9JD,C,99,99
BB1 4EG,BB1 4EG,C,99,99
BB10 5KZ,BB10 5KZN,N,99,99
BB11 1GH,BB11 1GH,C,99,99
BB12 1ES,BB12 1ES,C,99,99
BB2 0EJ,BB2 0EJR,N,99,99
BB3 7FZ,BB3 7FZ,C,99,99
BB4 4XH,BB4 4XH,C,99,99
BB5 0DU,BB5 0DU,C,99,99
BB6 2BS,BB6 2BS,C,99,99
BB7 2ND,BB7 2NDR,N,99,99
BB8 7ZO,BB8 7ZO,C,99,99
BB9 0QU,BB9 0QU,C,99,99
BD1 7AU,BD1 7AU,C,99,99
BD11 6BJ,BD11 6BJ,C,99,99
BD12 4FW,BD12 4FW,C,99,99
BD13 7SD,BD13 7SD,C,99,99
BD14 0IU,BD14 0IU,C,99,99
BD15 1LZ,BD15 1LZV,N,99,99
BD16 5NV,BD16 5NV,C,99,99
BD17 1HY,BD17 1HY,C,99,99
BD18 5CD,BD18 5CD,C,99,99
BD19 2IV,BD19 2IV,C,99,99
BD20 4OL,BD20 4OLU,N,99,99
BD21 0UM,BD21 0UMY,N,99,99
BD22 0LH,BD22 0LHJ,N,99,99
BD23 2BA,BD23 2BAI,N,99,99
BD24 3JZ,BD24 3JZ,C,99,99
BD4 7HA,BD4 7HA,C,99,99
BD6 1WI,BD6 1WI,C,99,99
BH11 8RF,BH11 8RF,C,99,99
BH12 4CR,BH12 4CR,C,99,99
BH13 7ED,BH13 7ED,C,99,99
BH14 5BC,BH14 5BC,C,99,99
BH15 8YN,BH15 8YN,C,99,99
BH16 4VI,BH16 4VI,C,99,99
BH17 2UY,BH17 2UY,C,99,99
BH18 3JX,BH18 3JX,C,99,99
BH19 7QV,BH19 7QVZ,N,99,99
BH2 3FJ,BH2 3FJ,C,99,99
BH20 7UB,BH20 7UB,C,99,99
BH21 6HX,BH21 6HX,C,99,99
BH22 5VU,BH22 5VUI,N,99,99
BH23 1WR,BH23 1WR,C,99,99
BH24 9KB,BH24 9KB,C,99,99
BH25 6AD,BH25 6AD,C,99,99
BH3 4PE,BH3 4PE,C,99,99
BH31 7QK,BH31 7QKA,N,99,99
BH4 0MA,BH4 0MAB,N,99,99
BH5 0UJ,BH5 0UJ,C,99,99
BH6 4DE,BH6 4DE,C,99,99
BH8 1JZ,BH8 1JZR,N,99,99
BH9 4VL,BH9 4VL,C,99,99
BL0 3LT,BL0 3LTE,N,99,99
BL1 0WT,BL1 0WTI,N,99,99
BL2 5QI,BL2 5QI,C,99,99
BL3 4VJ,BL3 4VJS,N,99,99
BL4 1OS,BL4 1OSB,N,15,62
BL5 5NT,BL5 5NT,C,15,62
BL6 7TI,BL6 7TIQ,N,15,62
BL7 7BY,BL7 7BY,C,15,62
BL8 3IZ,BL8 3IZX,N,15,62
BL9 6KW,BL9 6KW,C,15,62
BN1 5BR,BN1 5BR,C,15,62
BN10 2XI,BN10 2XI,C,15,62
BN11 1OY,BN11 1OY,C,15,62
BN12 3RU,BN12 3RU,C,15,62
BN13 7NN,BN13 7NN,C,15,62
BN14 4UZ,BN14 4UZE,N,15,62
BN15 8WO,BN15 8WOI,N,15,62
BN16 9DA,BN16 9DA,C,15,62
BN17 8ON,BN17 8ON,C,15,62
BN18 1YU,BN18 1YU,C,15,62
BN2 0UV,BN2 0UV,C,15,62
BN20 8RW,BN20 8RW,C,15,62
BN21 9UH,BN21 9UHX,N,15,62
BN22 2WK,BN22 2WK,C,15,62
BN23 0UC,BN23 0UC,C,15,62
BN24 1ER,BN24 1ER,C,15,62
BN25 8AE,BN25 8AE,C,15,62
BN26 8TP,BN26 8TPZ,N,15,62
BN27 8AR,BN27 8ART,N,15,62
BN3 2XU,BN3 2XUW,N,15,62
BN41 4UL,BN41 4ULY,N,15,62
BN42 7WR,BN42 7WRK,N,15,62
BN43 3OD,BN43 3ODE,N,15,62
BN44 5NW,BN44 5NWJ,N,15,62
BN45 8KI,BN45 8KIL,N,99,99
BN5 0UX,BN5 0UX,C,99,99
BN6 2EN,BN6 2ENX,N,99,99
BN7 3LO,BN7 3LO,C,99,99
BN8 6OA,BN8 6OA,C,99,99
BN9 7MP,BN9 7MP,C,99,99
BR1 2LE,BR1 2LE,C,99,99
BR2 2RD,BR2 2RD,C,99,99
BR3 0WQ,BR3 0WQI,N,99,99
BR4 5RE,BR4 5REX,N,99,99
BR5 5GE,BR5 5GET,N,99,99
BR6 9WT,BR6 9WT,C,99,99
BR7 3VO,BR7 3VO,C,99,99
BR8 3ZT,BR8 3ZT,C,99,99
BS1 7JR,BS1 7JR,C,99,99
BS10 1WU,BS10 1WU,C,99,99
BS11 7WT,BS11 7WTV,N,99,99
BS12 1TK,BS12 1TK,C,99,99
BS13 5UR,BS13 5URO,N,99,99
BS14 4IM,BS14 4IMP,N,99,99
BS15 3RH,BS15 3RHR,N,99,99
BS16 8CX,BS16 8CX,C,99,99
BS18 8SQ,BS18 8SQ,C,99,99
BS19 2GU,BS19 2GU,C,99,99
BS20 9MB,BS20 9MBI,N,99,99
BS21 0AJ,BS21 0AJF,N,99,99
BS22 0UZ,BS22 0UZ,C,99,99
BS23 3QT,BS23 3QT,C,99,99
BS24 4MK,BS24 4MK,C,99,99
BS25 0ML,BS25 0ML,C,99,99
BS26 9LR,BS26 9LR,C,99,99
BS27 1OG,BS27 1OG,C,99,99
BS28 2BW,BS28 2BW,C,99,99
BS30 5CO,BS30 5COB,N,99,99
BS36 5KD,BS36 5KDO,N,99,99
BS37 4RN,BS37 4RN,C,99,99
BS4 0ID,BS4 0ID,C,99,99
BS6 3WS,BS6 3WSH,N,99,99
BS7 0OT,BS7 0OTU,N,99,99
BS8 1SQ,BS8 1SQ,C,99,99
BS9 6ON,BS9 6ONI,N,99,99
BS99 9PP,BS99 9PPX,N,99,99
BT1 2BA,BT1 2BAQ,N,99,99
BT18 2WA,BT18 2WAD,N,99,99
BT47 9WR,BT47 9WR,C,99,99
BT60 5HQ,BT60 5HQ,C,99,99
BT68 0IW,BT68 0IW,C,99,99
BT74 3VY,BT74 3VY,C,99,99
CA1 5OK,CA1 5OKR,N,99,99
CA10 9RP,CA10 9RP,C,99,99
CA11 4HS,CA11 4HS,C,99,99
CA12 3AI,CA12 3AI,C,99,99
CA13 3JZ,CA13 3JZS,N,99,99
CA14 1WZ,CA14 1WZU,N,99,99
CA15 6CY,CA15 6CYE,N,99,99
CA16 3RC,CA16 3RC,C,99,99
CA17 6BR,CA17 6BR,C,99,99
CA18 6JO,CA18 6JO,C,99,99
CA19 8ZL,CA19 8ZL,C,99,99
CA2 3WR,CA2 3WR,C,99,99
CA20 0DU,CA20 0DU,C,99,99
CA21 4DS,CA21 4DS,C,99,99
CA22 6NU,CA22 6NU,C,99,99
CA23 7KJ,CA23 7KJ,C,99,99
CA24 8YY,CA24 8YY,C,99,99
CA25 1JK,CA25 1JKL,N,99,99
CA26 0AW,CA26 0AW,C,99,99
CA27 7MC,CA27 7MCP,N,99,99
CA28 9MX,CA28 9MX,C,99,99
CA3 9AU,CA3 9AU,C,99,99
CA4 6NL,CA4 6NL,C,15,62
CA5 9UJ,CA5 9UJB,N,15,62
CA6 1GN,CA6 1GN,C,15,62
CA7 2SN,CA7 2SNX,N,15,62
CA8 9NF,CA8 9NFH,N,15,62
CA9 0II,CA9 0II,C,15,62
CB1 9VV,CB1 9VV,C,15,62
CB10 2IW,CB10 2IW,C,15,62
CB11 8AR,CB11 8ARH,N,15,62
CB2 9CS,CB2 9CS,C,15,62
CB3 4YI,CB3 4YI,C,15,62
CB4 0NU,CB4 0NU,C,15,62
CB5 6LZ,CB5 6LZ,C,15,62
CB6 0WZ,CB6 0WZR,N,15,62
CB7 4UE,CB7 4UES,N,15,62
CB8 8UV,CB8 8UV,C,15,62
CB9 4CD,CB9 4CD,C,15,62
CF1 2IW,CF1 2IW,C,15,62
CF2 2EJ,CF2 2EJ,C,15,62
CF3 7FX,CF3 7FX,C,15,62
CF31 1US,CF31 1USM,N,15,62
CF32 6UU,CF32 6UUY,N,15,62
CF33 4OM,CF33 4OM,C,15,62
CF34 4YE,CF34 4YE,C,15,62
CF35 0ID,CF35 0ID,C,15,62
CF36 7HJ,CF36 7HJS,N,15,62
CF37 3SS,CF37 3SS,C,15,62
CF38 2MS,CF38 2MS,C,15,62
CF39 9AD,CF39 9AD,C,15,62
CF4 3WU,CF4 3WUJ,N,15,62
CF40 2GA,CF40 2GA,C,99,99
CF41 2JR,CF41 2JR,C,99,99
CF42 8NZ,CF42 8NZ,C,99,99
CF43 6QD,CF43 6QD,C,99,99
CF44 2QH,CF44 2QH,C,99,99
CF45 5QQ,CF45 5QQ,C,99,99
CF46 5ON,CF46 5ON,C,99,99
CF47 8HK,CF47 8HK,C,99,99
CF48 2TV,CF48 2TVW,N,99,99
CF5 8IP,CF5 8IP,C,99,99
CF61 7ZY,CF61 7ZY,C,99,99
CF62 9BC,CF62 9BC,C,99,99
CF63 3WT,CF63 3WTI,N,99,99
CF64 4DQ,CF64 4DQ,C,99,99
CF71 6LT,CF71 6LT,C,99,99
CF72 1IR,CF72 1IR,C,99,99
CF81 5UN,CF81 5UN,C,99,99
CF82 5XX,CF82 5XX,C,99,99
CF83 9ZE,CF83 9ZE,C,99,99
CH1 9GW,CH1 9GW,C,99,99
CH2 7FB,CH2 7FB,C,99,99
CH3 4FV,CH3 4FV,C,99,99
CH4 7UR,CH4 7UR,C,99,99
CH41 4LD,CH41 4LD,C,99,99
CH42 4ZF,CH42 4ZF,C,99,99
CH43 9VX,CH43 9VX,C,99,99
CH44 6LN,CH44 6LNI,N,99,99
CH45 4DH,CH45 4DH,C,99,99
CH46 3IX,CH46 3IX,C,99,99
CH47 5TM,CH47 5TM,C,99,99
CH48 9MC,CH48 9MCB,N,99,99
CH49 7BU,CH49 7BU,C,99,99
CH5 5IP,CH5 5IPV,N,99,99
CH6 7NK,CH6 7NKO,N,99,99
CH60 0NK,CH60 0NKY,N,99,99
CH61 1TJ,CH61 1TJA,N,99,99
CH63 7AN,CH63 7AN,C,99,99
CH7 8TD,CH7 8TD,C,99,99
CH8 5AH,CH8 5AHA,N,99,99
CM0 2HM,CM0 2HME,N,99,99
CM1 9HK,CM1 9HK,C,99,99
CM11 8WI,CM11 8WI,C,99,99
CM12 2PV,CM12 2PVY,N,99,99
CM13 4MS,CM13 4MS,C,99,99
CM14 3EK,CM14 3EK,C,99,99
CM15 9ME,CM15 9MEM,N,99,99
CM16 2ZZ,CM16 2ZZ,C,99,99
CM17 0CH,CM17 0CHM,N,99,99
CM19 2HG,CM19 2HG,C,99,99
CM2 5YT,CM2 5YT,C,99,99
CM20 0JC,CM20 0JC,C,99,99
CM21 4XL,CM21 4XL,C,99,99
CM22 7PS,CM22 7PS,C,99,99
CM23 2OK,CM23 2OKY,N,99,99
CM24 1NQ,CM24 1NQ,C,99,99
CM3 3RJ,CM3 3RJ,C,99,99
CM4 4BJ,CM4 4BJ,C,99,99
CM5 5FU,CM5 5FU,C,99,99
CM6 1CG,CM6 1CG,C,99,99
CM7 3IJ,CM7 3IJ,C,99,99
CM8 6WJ,CM8 6WJ,C,99,99
CM9 6BU,CM9 6BU,C,99,99
CO1 0RV,CO1 0RVJ,N,99,99
CO10 0OW,CO10 0OWY,N,99,99
CO11 0MX,CO11 0MX,C,99,99
CO12 4AD,CO12 4ADQ,N,99,99
CO13 7KW,CO13 7KW,C,99,99
CO14 6RL,CO14 6RLE,N,99,99
CO15 5UA,CO15 5UAC,N,99,99
CO16 3WE,CO16 3WE,C,99,99
CO2 8CZ,CO2 8CZ,C,15,62
CO3 6DR,CO3 6DR,C,15,62
CO4 4GI,CO4 4GID,N,15,62
CO5 6EA,CO5 6EA,C,15,62
CO6 0UI,CO6 0UI,C,15,62
CO7 9FK,CO7 9FK,C,15,62
CO8 0MC,CO8 0MC,C,15,62
CO9 3YM,CO9 3YMH,N,15,62
CR0 8QR,CR0 8QR,C,15,62
CR1 4AO,CR1 4AOY,N,15,62
CR2 9NE,CR2 9NEF,N,15,62
CR3 7FD,CR3 7FD,C,15,62
CR4 7EA,CR4 7EA,C,15,62
CR5 7VI,CR5 7VIR,N,15,62
CR6 6UH,CR6 6UH,C,15,62
CR8 4JU,CR8 4JU,C,15,62
CT1 7WL,CT1 7WL,C,15,62
CT10 9QK,CT10 9QK,C,15,62
CT11 9JU,CT11 9JUW,N,15,62
CT12 6DU,CT12 6DU,C,15,62
CT13 9OS,CT13 9OSO,N,15,62
CT14 7RW,CT14 7RW,C,15,62
CT15 1PE,CT15 1PE,C,15,62
CT16 8KC,CT16 8KC,C,15,62
CT17 8UY,CT17 8UY,C,15,62
CT18 6DE,CT18 6DE,C,15,62
CT19 0VV,CT19 0VV,C,15,62
CT2 2TO,CT2 2TO,C,15,62
CT20 0CO,CT20 0CO,C,15,62
CT21 1XZ,CT21 1XZ,C,15,62
CT3 1NC,CT3 1NC,C,99,99
CT4 7VK,CT4 7VKJ,N,99,99
CT5 3XT,CT5 3XTP,N,99,99
CT6 0WG,CT6 0WGZ,N,99,99
CT7 9XZ,CT7 9XZS,N,99,99
CT8 4UJ,CT8 4UJO,N,99,99
CT9 3NT,CT9 3NT,C,99,99
CV1 3AZ,CV1 3AZ,C,99,99
CV10 4JO,CV10 4JOY,N,99,99
CV11 7PK,CV11 7PK,C,99,99
CV12 9BG,CV12 9BG,C,99,99
CV13 5XL,CV13 5XL,C,99,99
CV2 4LY,CV2 4LYZ,N,99,99
CV21 8DC,CV21 8DC,C,99,99
CV22 2YG,CV22 2YG,C,99,99
CV23 6ZU,CV23 6ZU,C,99,99
CV3 1AL,CV3 1AL,C,99,99
CV31 2ZO,CV31 2ZO,C,99,99
CV32 2VO,CV32 2VOR,N,99,99
CV33 4ZJ,CV33 4ZJ,C,99,99
CV34 3TP,CV34 3TP,C,99,99
CV35 0TW,CV35 0TW,C,99,99
CV36 7NU,CV36 7NU,C,99,99
CV37 6GF,CV37 6GF,C,99,99
CV4 1HU,CV4 1HUM,N,99,99
CV5 7UX,CV5 7UX,C,99,99
CV6 6GK,CV6 6GK,C,99,99
CV7 2UA,CV7 2UAU,N,99,99
CV8 1MQ,CV8 1MQ,C,99,99
CV9 5XU,CV9 5XU,C,99,99
CW1 8IQ,CW1 8IQ,C,99,99
CW10 2OM,CW10 2OM,C,99,99
CW11 2JI,CW11 2JI,C,99,99
CW12 2CV,CW12 2CVH,N,99,99
CW2 4WE,CW2 4WEB,N,99,99
CW3 2EX,CW3 2EX,C,99,99
CW4 5SU,CW4 5SU,C,99,99
CW5 8PD,CW5 8PD,C,99,99
CW6 6HX,CW6 6HX,C,99,99
CW7 3II,CW7 3II,C,99,99
CW8 3PJ,CW8 3PJ,C,99,99
CW9 3SE,CW9 3SES,N,99,99
DA1 8BG,DA1 8BG,C,99,99
DA10 1KJ,DA10 1KJJ,N,99,99
DA11 9SM,DA11 9SM,C,99,99
DA12 1MO,DA12 1MO,C,99,99
DA13 2LC,DA13 2LC,C,99,99
DA14 7SM,DA14 7SM,C,99,99
DA15 1FU,DA15 1FU,C,99,99
DA16 7VR,DA16 7VR,C,99,99
DA17 2OJ,DA17 2OJ,C,99,99
DA2 1UM,DA2 1UM,C,99,99
DA3 7TR,DA3 7TRG,N,99,99
DA4 7EM,DA4 7EME,N,99,99
DA5 3QF,DA5 3QF,C,99,99
DA6 6ZC,DA6 6ZCU,N,99,99
DA8 9QU,DA8 9QU,C,99,99
DA9 8UV,DA9 8UV,C,99,99
DD1 3TE,DD1 3TE,C,99,99
DD10 6AA,DD10 6AAM,N,99,99
DD11 0UW,DD11 0UW,C,99,99
DD2 7FX,DD2 7FX,C,99,99
DD3 5SJ,DD3 5SJ,C,99,99
DD4 3JA,DD4 3JA,C,99,99
DD5 7AK,DD5 7AK,C,99,99
DD6 2OO,DD6 2OO,C,99,99
DD7 4FI,DD7 4FI,C,99,99
DD8 7UX,DD8 7UX,C,99,99
DD9 4TE,DD9 4TEH,N,99,99
DE1 9PK,DE1 9PK,C,99,99
DE11 9IL,DE11 9IL,C,15,62
DE12 1AG,DE12 1AG,C,15,62
DE13 0ZO,DE13 0ZO,C,15,62
DE14 4PA,DE14 4PA,C,15,62
DE15 4MU,DE15 4MU,C,15,62
DE21 6FZ,DE21 6FZH,N,15,62
DE22 5CO,DE22 5CO,C,15,62
DE23 8IH,DE23 8IH,C,15,62
DE24 0JF,DE24 0JF,C,15,62
DE3 0WG,DE3 0WG,C,15,62
DE4 0YA,DE4 0YA,C,15,62
DE45 2EE,DE45 2EE,C,15,62
DE5 4KU,DE5 4KU,C,15,62
DE55 5MI,DE55 5MIC,N,15,62
DE56 9QD,DE56 9QD,C,15,62
DE6 5WN,DE6 5WN,C,15,62
DE65 3WW,DE65 3WW,C,15,62
DE7 4CR,DE7 4CR,C,15,62
DE72 5YY,DE72 5YYV,N,15,62
DE73 9AH,DE73 9AH,C,15,62
DE74 0QZ,DE74 0QZH,N,15,62
DE75 4OA,DE75 4OAJ,N,15,62
DG1 4UE,DG1 4UEQ,N,15,62
DG10 1MP,DG10 1MPF,N,15,62
DG11 5ZV,DG11 5ZV,C,15,62
DG12 1UN,DG12 1UN,C,15,62
DG13 9HS,DG13 9HS,C,15,62
DG14 2BQ,DG14 2BQ,C,15,62
DG16 5VS,DG16 5VS,C,15,62
DG2 5KX,DG2 5KXL,N,15,62
DG3 2RK,DG3 2RK,C,99,99
DG4 7UF,DG4 7UF,C,99,99
DG5 6GF,DG5 6GF,C,99,99
DG6 6UV,DG6 6UV,C,99,99
DG7 1SN,DG7 1SNE,N,99,99
DG8 4ZG,DG8 4ZG,C,99,99
DG9 5BF,DG9 5BF,C,99,99
DH1 4KU,DH1 4KU,C,99,99
DH2 6XJ,DH2 6XJC,N,99,99
DH3 5LK,DH3 5LKS,N,99,99
DH4 0YF,DH4 0YF,C,99,99
DH5 2WP,DH5 2WP,C,99,99
DH6 2BL,DH6 2BL,C,99,99
DH7 3KN,DH7 3KN,C,99,99
DH8 1AD,DH8 1AD,C,99,99
DH9 7BY,DH9 7BY,C,99,99
DL1 3RG,DL1 3RGM,N,99,99
DL10 3LQ,DL10 3LQ,C,99,99
DL11 4GM,DL11 4GM,C,99,99
DL12 4UU,DL12 4UU,C,99,99
DL13 2HX,DL13 2HX,C,99,99
DL14 7TT,DL14 7TT,C,99,99
DL15 5XK,DL15 5XK,C,99,99
DL16 9JN,DL16 9JN,C,99,99
DL17 6RU,DL17 6RU,C,99,99
DL2 9SE,DL2 9SE,C,99,99
DL3 8FW,DL3 8FWX,N,99,99
DL4 3DL,DL4 3DL,C,99,99
DL5 9UM,DL5 9UMU,N,99,99
DL6 4WP,DL6 4WP,C,99,99
DL7 8YR,DL7 8YRV,N,99,99
DL8 2KU,DL8 2KU,C,99,99
DL9 7IA,DL9 7IAN,N,99,99
DN1 8RY,DN1 8RYP,N,99,99
DN10 5BC,DN10 5BC,C,99,99
DN11 9YO,DN11 9YO,C,99,99
DN12 8LF,DN12 8LF,C,99,99
DN14 0EV,DN14 0EV,C,99,99
DN15 1WO,DN15 1WOF,N,99,99
DN16 0ON,DN16 0ONI,N,99,99
DN17 5WN,DN17 5WN,C,99,99
DN18 7CC,DN18 7CCF,N,99,99
DN19 5EX,DN19 5EX,C,99,99
DN20 5DR,DN20 5DR,C,99,99
DN21 2QH,DN21 2QH,C,99,99
DN22 0KW,DN22 0KWD,N,99,99
DN3 9WT,DN3 9WT,C,99,99
DN31 4PJ,DN31 4PJE,N,99,99
DN32 5LF,DN32 5LF,C,99,99
DN33 4II,DN33 4IIY,N,99,99
DN35 1KG,DN35 1KG,C,99,99
DN36 6AK,DN36 6AK,C,99,99
DN37 7RG,DN37 7RG,C,99,99
DN38 2LB,DN38 2LBB,N,99,99
DN39 7ZS,DN39 7ZSD,N,99,99
DN4 9FF,DN4 9FF,C,99,99
DN40 0JC,DN40 0JC,C,99,99
DN5 6PX,DN5 6PXU,N,99,99
DN6 7ER,DN6 7ER,C,99,99
DN7 6FN,DN7 6FNA,N,99,99
DN8 5XZ,DN8 5XZ,C,99,99
DN9 1QT,DN9 1QTZ,N,99,99
DT1 7GY,DT1 7GY,C,99,99
DT10 3MQ,DT10 3MQC,N,99,99
DT11 8SW,DT11 8SW,C,99,99
DT2 0RE,DT2 0REE,N,99,99
DT3 5JB,DT3 5JB,C,99,99
DT4 2UZ,DT4 2UZ,C,99,99
DT5 3KK,DT5 3KK,C,99,99
DT6 9XR,DT6 9XR,C,99,99
DT7 8NH,DT7 8NH,C,15,62
DT8 4EW,DT8 4EW,C,15,62
DT9 8GC,DT9 8GC,C,15,62
DY1 5DH,DY1 5DHX,N,15,62
DY10 1RE,DY10 1REI,N,15,62
DY11 5OD,DY11 5ODN,N,15,62
DY12 1ZQ,DY12 1ZQ,C,15,62
DY13 9ID,DY13 9ID,C,15,62
DY14 0NH,DY14 0NHC,N,15,62
DY2 2XV,DY2 2XV,C,15,62
DY3 7WQ,DY3 7WQ,C,15,62
DY4 7JJ,DY4 7JJ,C,15,62
DY5 8IE,DY5 8IE,C,15,62
DY6 4IC,DY6 4ICS,N,15,62
DY7 6ZQ,DY7 6ZQB,N,15,62
DY8 4GQ,DY8 4GQ,C,15,62
DY9 7OG,DY9 7OGF,N,15,62
E1 7QQ,E1 7QQ,C,15,62
E10 2LL,E10 2LLN,N,15,62
E11 5KE,E11 5KEA,N,15,62
E12 8BX,E12 8BXC,N,15,62
E13 2UT,E13 2UTB,N,15,62
E14 0CG,E14 0CG,C,15,62
E15 8MU,E15 8MU,C,15,62
E16 3NZ,E16 3NZM,N,15,62
E17 1PG,E17 1PG,C,15,62
E18 0OV,E18 0OVQ,N,15,62
E2 9XV,E2 9XV,C,15,62
E3 1GM,E3 1GM,C,15,62
E4 2CZ,E4 2CZO,N,15,62
E5 2IV,E5 2IV,C,99,99
E6 0OU,E6 0OUL,N,99,99
E7 3MO,E7 3MO,C,99,99
E8 2YH,E8 2YH,C,99,99
E9 3BR,E9 3BR,C,99,99
EC1 9AT,EC1 9AT,C,99,99
EC2 2GN,EC2 2GN,C,99,99
EC3 6EW,EC3 6EW,C,99,99
EC3R 4UU,EC3R 4UUA,N,99,99
EC4 6LJ,EC4 6LJ,C,99,99
EH1 0VB,EH1 0VB,C,99,99
EH10 1SE,EH10 1SE,C,99,99
EH12 0TO,EH12 0TO,C,99,99
EH13 8QJ,EH13 8QJ,C,99,99
EH14 3ST,EH14 3ST,C,99,99
EH15 6UV,EH15 6UV,C,99,99
EH16 2GI,EH16 2GIH,N,99,99
EH17 3GO,EH17 3GO,C,99,99
EH18 1KY,EH18 1KY,C,99,99
EH19 7TJ,EH19 7TJO,N,99,99
EH2 1EE,EH2 1EE,C,99,99
EH20 7MR,EH20 7MR,C,99,99
EH21 7IV,EH21 7IV,C,99,99
EH22 8RF,EH22 8RF,C,99,99
EH23 0IA,EH23 0IAE,N,99,99
EH24 9GZ,EH24 9GZ,C,99,99
EH25 8HU,EH25 8HUA,N,99,99
EH26 4JM,EH26 4JM,C,99,99
EH27 3IL,EH27 3IL,C,99,99
EH28 9UM,EH28 9UM,C,99,99
EH29 6UJ,EH29 6UJ,C,99,99
EH3 1NE,EH3 1NE,C,99,99
EH30 9KB,EH30 9KB,C,99,99
EH31 9TO,EH31 9TO,C,99,99
EH32 3SB,EH32 3SB,C,99,99
EH33 6FU,EH33 6FU,C,99,99
EH34 2YN,EH34 2YN,C,99,99
EH35 7EM,EH35 7EM,C,99,99
EH36 0VW,EH36 0VW,C,99,99
EH37 8WQ,EH37 8WQU,N,99,99
EH38 1AD,EH38 1ADI,N,99,99
EH39 3TS,EH39 3TSF,N,99,99
EH4 5XJ,EH4 5XJ,C,99,99
EH40 8UG,EH40 8UG,C,99,99
EH41 2FN,EH41 2FN,C,99,99
EH42 6VT,EH42 6VT,C,99,99
EH43 8AR,EH43 8AR,C,99,99
EH44 7LP,EH44 7LP,C,99,99
EH45 8VD,EH45 8VD,C,99,99
EH46 9YO,EH46 9YO,C,99,99
EH47 5MF,EH47 5MFB,N,99,99
EH48 7IX,EH48 7IX,C,99,99
EH49 6LF,EH49 6LFU,N,99,99
EH5 4HC,EH5 4HC,C,99,99
EH51 3GW,EH51 3GW,C,99,99
EH52 8AO,EH52 8AO,C,99,99
EH53 3NX,EH53 3NX,C,99,99
EH54 8DJ,EH54 8DJR,N,99,99
EH55 9PP,EH55 9PP,C,99,99
EH6 6OS,EH6 6OST,N,99,99
EH7 8PG,EH7 8PGW,N,99,99
EH8 7GQ,EH8 7GQD,N,99,99
EH9 1NM,EH9 1NMH,N,99,99
EN1 5QF,EN1 5QF,C,99,99
EN10 3JV,EN10 3JV,C,99,99
EN11 8ER,EN11 8ERJ,N,99,99
EN2 1AV,EN2 1AVL,N,99,99
EN3 6VI,EN3 6VIN,N,99,99
EN4 4IN,EN4 4IN,C,99,99
EN5 7IE,EN5 7IE,C,99,99
EN6 2WN,EN6 2WNE,N,15,62
EN7 6WT,EN7 6WT,C,15,62
EN8 5NX,EN8 5NX,C,15,62
EN9 7SL,EN9 7SL,C,15,62
EX1 7VJ,EX1 7VJ,C,15,62
EX10 4AM,EX10 4AM,C,15,62
EX11 1JS,EX11 1JS,C,15,62
EX12 9TU,EX12 9TU,C,15,62
EX13 7KR,EX13 7KR,C,15,62
EX14 3UZ,EX14 3UZ,C,15,62
EX15 0AM,EX15 0AM,C,15,62
EX16 2GQ,EX16 2GQ,C,15,62
EX17 0IL,EX17 0IL,C,15,62
EX18 8SI,EX18 8SI,C,15,62
EX19 1AP,EX19 1AP,C,15,62
EX2 2EW,EX2 2EWK,N,15,62
EX20 9YE,EX20 9YE,C,15,62
EX21 8TE,EX21 8TEX,N,15,62
EX22 6VE,EX22 6VE,C,15,62
EX23 6TC,EX23 6TC,C,15,62
EX3 0WM,EX3 0WM,C,15,62
EX31 3CR,EX31 3CR,C,15,62
EX32 6GF,EX32 6GFV,N,15,62
EX33 9LF,EX33 9LFZ,N,15,62
EX34 8NR,EX34 8NRG,N,15,62
EX35 3HJ,EX35 3HJA,N,15,62
EX36 4JE,EX36 4JEP,N,15,62
EX37 1LK,EX37 1LK,C,15,62
EX38 0OP,EX38 0OP,C,15,62
EX39 3YI,EX39 3YI,C,15,62
EX4 5KH,EX4 5KH,C,99,99
EX5 4KY,EX5 4KYI,N,99,99
EX6 2GP,EX6 2GPV,N,99,99
EX7 0AC,EX7 0AC,C,99,99
EX8 7KV,EX8 7KV,C,99,99
EX9 4WA,EX9 4WA,C,99,99
FK1 6JE,FK1 6JE,C,99,99
FK10 6BM,FK10 6BM,C,99,99
FK11 1UK,FK11 1UK,C,99,99
FK12 1IO,FK12 1IOU,N,99,99
FK13 5HY,FK13 5HY,C,99,99
FK14 6YV,FK14 6YV,C,99,99
FK15 5EK,FK15 5EKE,N,99,99
FK16 9ER,FK16 9ER,C,99,99
FK17 7SF,FK17 7SFA,N,99,99
FK18 4FY,FK18 4FY,C,99,99
FK19 2XG,FK19 2XG,C,99,99
FK2 7HI,FK2 7HI,C,99,99
FK20 4MK,FK20 4MKU,N,99,99
FK21 8YS,FK21 8YS,C,99,99
FK3 2JC,FK3 2JC,C,99,99
FK4 1UL,FK4 1UL,C,99,99
FK5 8WU,FK5 8WU,C,99,99
FK6 6NX,FK6 6NX,C,99,99
FK7 6BI,FK7 6BIR,N,99,99
FK8 7KE,FK8 7KEL,N,99,99
FK9 4FR,FK9 4FR,C,99,99
FY1 2EC,FY1 2EC,C,99,99
FY2 6BP,FY2 6BP,C,99,99
FY3 0QG,FY3 0QG,C,99,99
FY4 8OW,FY4 8OW,C,99,99
FY5 4CN,FY5 4CNY,N,99,99
FY6 3FH,FY6 3FHM,N,99,99
FY7 2FI,FY7 2FIN,N,99,99
FY8 4CF,FY8 4CF,C,99,99
G1 0OZ,G1 0OZ,C,99,99
G11 7PF,G11 7PF,C,99,99
G12 6KX,G12 6KX,C,99,99
G14 4QM,G14 4QM,C,99,99
G15 0JT,G15 0JT,C,99,99
G2 7EY,G2 7EYT,N,99,99
G20 5QG,G20 5QGG,N,99,99
G21 7CT,G21 7CT,C,99,99
G32 9AC,G32 9ACR,N,99,99
G33 0BT,G33 0BT,C,99,99
G41 9IS,G41 9IS,C,99,99
G43 7UO,G43 7UO,C,99,99
G45 1SR,G45 1SR,C,99,99
G46 2EU,G46 2EU,C,99,99
G51 7EU,G51 7EU,C,99,99
G53 6PO,G53 6POU,N,99,99
G60 5UI,G60 5UIH,N,99,99
G61 0ML,G61 0ML,C,99,99
G62 9HS,G62 9HS,C,99,99
G63 2VY,G63 2VY,C,99,99
G64 4AN,G64 4AN,C,99,99
G65 6MY,G65 6MY,C,99,99
G66 5EW,G66 5EWJ,N,99,99
G67 7UF,G67 7UF,C,99,99
G68 8ER,G68 8ER,C,99,99
G69 7KQ,G69 7KQ,C,99,99
G71 2ZM,G71 2ZM,C,99,99
G72 2UA,G72 2UA,C,99,99
G73 8TD,G73 8TDD,N,99,99
G74 6LU,G74 6LU,C,99,99
G75 3UY,G75 3UYR,N,99,99
G76 3DN,G76 3DNO,N,99,99
G77 0HZ,G77 0HZ,C,99,99
G78 9MA,G78 9MA,C,99,99
G81 1LO,G81 1LO,C,99,99
G82 5XI,G82 5XI,C,15,62
G83 7CV,G83 7CV,C,15,62
G84 6VZ,G84 6VZ,C,15,62
GL1 2QA,GL1 2QAE,N,15,62
GL10 0WR,GL10 0WR,C,15,62
GL11 7AB,GL11 7ABS,N,15,62
GL12 2HX,GL12 2HXS,N,15,62
GL13 1KQ,GL13 1KQ,C,15,62
GL14 2SG,GL14 2SGG,N,15,62
GL15 4AD,GL15 4AD,C,15,62
GL16 6TB,GL16 6TBH,N,15,62
GL17 4YU,GL17 4YU,C,15,62
GL18 0KY,GL18 0KY,C,15,62
GL19 3OQ,GL19 3OQ,C,15,62
GL2 7DR,GL2 7DR,C,15,62
GL20 9UU,GL20 9UU,C,15,62
GL3 0YD,GL3 0YDT,N,15,62
GL4 4BL,GL4 4BL,C,15,62
GL5 4PO,GL5 4PO,C,15,62
GL50 6WS,GL50 6WS,C,15,62
GL51 9HB,GL51 9HB,C,15,62
GL52 0KJ,GL52 0KJF,N,15,62
GL53 5AY,GL53 5AYP,N,15,62
GL54 0XC,GL54 0XC,C,15,62
GL55 4JN,GL55 4JNJ,N,15,62
GL56 2QV,GL56 2QVS,N,15,62
GL6 1ZI,GL6 1ZI,C,15,62
GL7 5ND,GL7 5ND,C,15,62
GL8 8RK,GL8 8RK,C,15,62
GL9 3UI,GL9 3UIO,N,15,62
GU1 5UN,GU1 5UN,C,99,99
GU10 4EJ,GU10 4EJ,C,99,99
GU11 0MK,GU11 0MK,C,99,99
GU12 4UE,GU12 4UEV,N,99,99
GU13 8TW,GU13 8TWJ,N,99,99
GU14 0RV,GU14 0RV,C,99,99
GU15 1JA,GU15 1JA,C,99,99
GU16 9UJ,GU16 9UJG,N,99,99
GU17 4YR,GU17 4YR,C,99,99
GU18 3PF,GU18 3PF,C,99,99
GU19 6EU,GU19 6EU,C,99,99
GU2 7BF,GU2 7BF,C,99,99
GU20 7PO,GU20 7POM,N,99,99
GU21 6JR,GU21 6JR,C,99,99
GU22 9FI,GU22 9FI,C,99,99
GU23 0DD,GU23 0DD,C,99,99
GU24 1LD,GU24 1LD,C,99,99
GU25 3NW,GU25 3NW,C,99,99
GU26 1NI,GU26 1NI,C,99,99
GU27 4ZE,GU27 4ZEX,N,99,99
GU28 3JR,GU28 3JRW,N,99,99
GU29 2OX,GU29 2OXA,N,99,99
GU3 2FD,GU3 2FD,C,99,99
GU30 3EC,GU30 3EC,C,99,99
GU31 4IK,GU31 4IK,C,99,99
GU32 2UR,GU32 2UR,C,99,99
GU33 7DW,GU33 7DW,C,99,99
GU34 7AU,GU34 7AU,C,99,99
GU35 3BY,GU35 3BY,C,99,99
GU4 5NE,GU4 5NE,C,99,99
GU46 2QP,GU46 2QP,C,99,99
GU47 9WE,GU47 9WEG,N,99,99
GU5 5NO,GU5 5NOT,N,99,99
GU6 1KQ,GU6 1KQ,C,99,99
GU7 7SV,GU7 7SV,C,99,99
GU8 7PE,GU8 7PE,C,99,99
GU9 3DP,GU9 3DPB,N,99,99
GY9 4SJ,GY9 4SJ,C,99,99
HA0 2TC,HA0 2TC,C,99,99
HA1 6FC,HA1 6FC,C,99,99
HA2 6LK,HA2 6LK,C,99,99
HA3 4NJ,HA3 4NJ,C,99,99
HA4 1OL,HA4 1OL,C,99,99
HA5 3ZR,HA5 3ZR,C,99,99
HA6 3IG,HA6 3IGA,N,99,99
HA7 0WZ,HA7 0WZE,N,99,99
HA8 9AK,HA8 9AK,C,99,99
HA9 8IO,HA9 8IO,C,99,99
HD1 0UY,HD1 0UYQ,N,99,99
HD3 9IU,HD3 9IU,C,99,99
HD4 8NB,HD4 8NBP,N,99,99
HD5 1TU,HD5 1TUM,N,99,99
HD6 1AC,HD6 1AC,C,99,99
HD7 2EP,HD7 2EP,C,99,99
HD8 9DZ,HD8 9DZS,N,99,99
HG1 8OS,HG1 8OS,C,99,99
HG3 6DU,HG3 6DU,C,99,99
HG4 6VP,HG4 6VPO,N,99,99
HG5 7SL,HG5 7SL,C,99,99
HP1 1MR,HP1 1MR,C,99,99
HP10 4EU,HP10 4EUA,N,99,99
HP11 2AK,HP11 2AK,C,99,99
HP12 5ME,HP12 5MEV,N,99,99
HP13 1TC,HP13 1TCW,N,99,99
HP14 7LA,HP14 7LA,C,99,99
HP15 4EK,HP15 4EKH,N,99,99
HP16 6RE,HP16 6REA,N,99,99
HP17 1DU,HP17 1DU,C,99,99
HP18 8UO,HP18 8UOC,N,99,99
HP2 9HR,HP2 9HR,C,99,99
HP20 5IU,HP20 5IU,C,15,62
HP21 4PT,HP21 4PT,C,15,62
HP22 4CM,HP22 4CMW,N,15,62
HP23 8EX,HP23 8EX,C,15,62
HP27 7JY,HP27 7JYW,N,15,62
HP3 8XX,HP3 8XX,C,15,62
HP4 8QW,HP4 8QW,C,15,62
HP5 2CN,HP5 2CN,C,15,62
HP6 1UB,HP6 1UB,C,15,62
HP7 2DS,HP7 2DST,N,15,62
HP8 9YF,HP8 9YF,C,15,62
HP9 7EC,HP9 7EC,C,15,62
HR1 3AX,HR1 3AX,C,15,62
HR2 7DW,HR2 7DW,C,15,62
HR3 9YQ,HR3 9YQ,C,15,62
HR4 6CF,HR4 6CF,C,15,62
HR5 0MD,HR5 0MDD,N,15,62
HR6 9KP,HR6 9KPQ,N,15,62
HR7 0TZ,HR7 0TZ,C,15,62
HR8 1HM,HR8 1HM,C,15,62
HR9 3TH,HR9 3TH,C,15,62
HS1 7JE,HS1 7JEE,N,15,62
HS2 9FY,HS2 9FY,C,15,62
HS3 7IA,HS3 7IA,C,15,62
HS4 7TG,HS4 7TGI,N,15,62
HS5 2PF,HS5 2PF,C,15,62
HS6 5MC,HS6 5MC,C,15,62
HS7 0JV,HS7 0JV,C,15,62
HS8 6FO,HS8 6FOG,N,15,62
HS9 3GF,HS9 3GF,C,15,62
HU1 7PU,HU1 7PU,C,99,99
HU10 0FD,HU10 0FDU,N,99,99
HU11 2TG,HU11 2TG,C,99,99
HU12 3US,HU12 3US,C,99,99
HU13 1XD,HU13 1XDI,N,99,99
HU14 1TZ,HU14 1TZ,C,99,99
HU15 3FW,HU15 3FW,C,99,99
HU16 8VJ,HU16 8VJ,C,99,99
HU17 6UP,HU17 6UP,C,99,99
HU18 7MT,HU18 7MT,C,99,99
HU19 1NI,HU19 1NI,C,99,99
HU20 7LD,HU20 7LD,C,99,99
HU6 8MH,HU6 8MH,C,99,99
HU7 3VJ,HU7 3VJ,C,99,99
HU9 7SU,HU9 7SU,C,99,99
HX1 7XJ,HX1 7XJ,C,99,99
HX2 6YW,HX2 6YWJ,N,99,99
HX3 0RJ,HX3 0RJ,C,99,99
HX4 6GC,HX4 6GC,C,99,99
HX5 1SF,HX5 1SF,C,99,99
HX6 2AI,HX6 2AI,C,99,99
HX7 2VQ,HX7 2VQ,C,99,99
IG1 1SC,IG1 1SC,C,99,99
IG10 5AW,IG10 5AWO,N,99,99
IG11 6DR,IG11 6DR,C,99,99
IG2 2EX,IG2 2EXC,N,99,99
IG3 3CO,IG3 3CO,C,99,99
IG6 7DU,IG6 7DUO,N,99,99
IG7 8MA,IG7 8MA,C,99,99
IG8 4DY,IG8 4DY,C,99,99
IG9 5GX,IG9 5GX,C,99,99
IM1 3QP,IM1 3QPI,N,99,99
IM3 1SK,IM3 1SKK,N,99,99
IM4 1VO,IM4 1VO,C,99,99
IM5 1AB,IM5 1ABR,N,99,99
IM6 3SB,IM6 3SBU,N,99,99
IM7 8JH,IM7 8JH,C,99,99
IM8 7BO,IM8 7BO,C,99,99
IM9 2KI,IM9 2KI,C,99,99
IP1 3GE,IP1 3GE,C,99,99
IP10 6AH,IP10 6AH,C,99,99
IP11 7KK,IP11 7KK,C,99,99
IP12 5UQ,IP12 5UQ,C,99,99
IP13 0ID,IP13 0ID,C,99,99
IP14 0MJ,IP14 0MJ,C,99,99
IP15 8ZK,IP15 8ZK,C,99,99
IP16 9MU,IP16 9MU,C,99,99
IP17 6US,IP17 6US,C,99,99
IP18 1HP,IP18 1HP,C,99,99
IP19 1AF,IP19 1AFH,N,99,99
IP2 7QB,IP2 7QB,C,99,99
IP20 0AI,IP20 0AI,C,99,99
IP21 5EH,IP21 5EH,C,99,99
IP22 5ZR,IP22 5ZR,C,99,99
IP23 4YB,IP23 4YBT,N,99,99
IP24 6CD,IP24 6CD,C,99,99
IP25 2VI,IP25 2VI,C,99,99
IP26 1WK,IP26 1WKJ,N,99,99
IP27 6UR,IP27 6UR,C,99,99
IP28 3UJ,IP28 3UJ,C,99,99
IP29 3AV,IP29 3AV,C,99,99
IP30 6OM,IP30 6OM,C,99,99
IP31 4QH,IP31 4QHT,N,99,99
IP33 8PI,IP33 8PI,C,99,99
IP5 5NW,IP5 5NW,C,99,99
IP6 3ZC,IP6 3ZCT,N,99,99
IP7 8HH,IP7 8HH,C,99,99
IP8 9DT,IP8 9DT,C,99,99
IP9 2TK,IP9 2TK,C,99,99
IV1 6LU,IV1 6LU,C,99,99
IV10 1WV,IV10 1WV,C,15,62
IV11 9CG,IV11 9CG,C,15,62
IV12 3UO,IV12 3UOW,N,15,62
IV13 2HM,IV13 2HMI,N,15,62
IV14 4BB,IV14 4BB,C,15,62
IV15 3EV,IV15 3EV,C,15,62
IV16 3KF,IV16 3KF,C,15,62
IV17 0AU,IV17 0AU,C,15,62
IV18 0VI,IV18 0VIW,N,15,62
IV19 3LQ,IV19 3LQC,N,15,62
IV2 0EW,IV2 0EW,C,15,62
IV20 1YM,IV20 1YMK,N,15,62
IV21 9LG,IV21 9LGG,N,15,62
IV22 8FV,IV22 8FVM,N,15,62
IV23 5LQ,IV23 5LQ,C,15,62
IV24 5UR,IV24 5UR,C,15,62
IV25 9KU,IV25 9KU,C,15,62
IV26 0ZE,IV26 0ZE,C,15,62
IV27 7DO,IV27 7DO,C,15,62
IV28 5MR,IV28 5MRD,N,15,62
IV3 3AR,IV3 3AR,C,15,62
IV30 3LN,IV30 3LNV,N,15,62
IV31 5UD,IV31 5UD,C,15,62
IV32 4QF,IV32 4QFF,N,15,62
IV36 9GA,IV36 9GA,C,15,62
IV4 5UT,IV4 5UTZ,N,15,62
IV40 5ZU,IV40 5ZUE,N,15,62
IV41 5IK,IV41 5IKH,N,15,62
IV42 4EE,IV42 4EE,C,15,62
IV43 2FA,IV43 2FA,C,15,62
